Ref,Val,Package,PosX,PosY,Rot,Side
"C5","10uF","C_0805_2012Metric_Pad1.18x1.45mm_HandSolder",130.000000,-53.000000,0.000000,top
"C6","100nF","C_0805_2012Metric_Pad1.18x1.45mm_HandSolder",135.000000,-53.000000,0.000000,top
"C8","100nF","C_0805_2012Metric_Pad1.18x1.45mm_HandSolder",134.000000,-63.000000,0.000000,top
"C9","10uF","C_0805_2012Metric_Pad1.18x1.45mm_HandSolder",134.000000,-66.500000,0.000000,top
"C10","100nF","C_0805_2012Metric_Pad1.18x1.45mm_HandSolder",134.000000,-70.000000,0.000000,top
"D1","LTST-C170KRKT","LED_0805_2012Metric_Pad1.15x1.40mm_HandSolder",118.000000,-84.500000,0.000000,top
"D2","LTST-C170KRKT","LED_0805_2012Metric_Pad1.15x1.40mm_HandSolder",123.000000,-84.500000,0.000000,top
"D3","LTST-C170KRKT","LED_0805_2012Metric_Pad1.15x1.40mm_HandSolder",128.000000,-84.500000,0.000000,top
"D4","LTST-C170KRKT","LED_0805_2012Metric_Pad1.15x1.40mm_HandSolder",133.000000,-84.500000,0.000000,top
"D5","LTST-C170KRKT","LED_0805_2012Metric_Pad1.15x1.40mm_HandSolder",138.000000,-84.500000,0.000000,top
"J2","UART","UART_1x03_2.54mm_Drill1.10",103.500000,-74.000000,90.000000,top
"J3","LIS3DH_2809_ORIGINAL_SOCKET","Socket_1x08_2.54mm_H8.5",144.000000,-77.000000,180.000000,top
"R4","10k","R_0805_2012Metric_Pad1.20x1.40mm_HandSolder",115.000000,-75.500000,90.000000,top
"R7","4.7k","R_0805_2012Metric_Pad1.20x1.40mm_HandSolder",130.000000,-56.000000,0.000000,top
"R8","4.7k","R_0805_2012Metric_Pad1.20x1.40mm_HandSolder",135.000000,-56.000000,0.000000,top
"R9","680","R_0805_2012Metric_Pad1.20x1.40mm_HandSolder",118.000000,-80.500000,90.000000,top
"R10","680","R_0805_2012Metric_Pad1.20x1.40mm_HandSolder",123.000000,-80.500000,90.000000,top
"R11","680","R_0805_2012Metric_Pad1.20x1.40mm_HandSolder",128.000000,-80.500000,90.000000,top
"R12","680","R_0805_2012Metric_Pad1.20x1.40mm_HandSolder",133.000000,-80.500000,90.000000,top
"R13","680","R_0805_2012Metric_Pad1.20x1.40mm_HandSolder",138.000000,-80.500000,90.000000,top
"SW2","CAL","PTS526SK15SMTR2LFS",111.500000,-82.500000,0.000000,top
"U1","XIAO ESP32S3","XIAO_ESP32S3_Sockets",116.500000,-61.000000,90.000000,top
