Quantite,Reference fabricant,Composant / valeur,Reperes,Montage
1,113991114,XIAO ESP32S3,U1,Module XIAO sur supports
1,61300811821,LIS3DH_2809_ORIGINAL_SOCKET,J3,A souder
1,RC0805FR-0710KL,10k,R4,A souder
2,RC0805FR-074K7L,4.7k,"R7, R8",A souder
5,RC0805FR-07680RL,680,"R9, R10, R11, R12, R13",A souder
5,LTST-C170KRKT,LTST-C170KRKT,"D1, D2, D3, D4, D5",A souder
2,GRM21BR61C106KE15L,10uF,"C5, C9",A souder
3,GRM21BR71C104KA01L,100nF,"C6, C8, C10",A souder
1,PTS526 SK15 SMTR2 LFS,CAL,SW2,A souder
1,61300311121,UART,J2,A souder
2,61300711821,Female 1x7 2.54mm H8.5,U1 sockets,A souder
2,61300711121,Male 1x7 2.54mm,U1 male headers,Seulement si absent du module achete
1,2809 (original 1x8 revision only),Adafruit LIS3DH 2809 ORIGINAL 1x8,J3 breakout,Confirmer la revision originale 1x8 ; STEMMA QT incompatible
1,61300811121,Male 1x8 2.54mm,J3 male header,Seulement si absent du module achete
